0.03125,3.00E-14
0.0625,3.00E-14
0.09375,3.00E-14
0.125,3.00E-14
0.15625,3.00E-14
0.1875,3.00E-14
0.21875,3.00E-14
0.25,3.00E-14
0.28125,3.00E-14
0.3125,3.00E-14
0.34375,3.00E-14
0.375,3.00E-14
0.40625,3.00E-14
0.4375,3.00E-14
0.46875,3.00E-14
0.5,3.00E-14
0.53125,3.00E-14
0.5625,3.00E-14
0.59375,3.00E-14
0.625,3.00E-14
0.65625,3.00E-14
0.6875,3.00E-14
0.71875,3.00E-14
0.75,3.00E-14
0.78125,3.00E-14
0.8125,3.00E-14
0.84375,3.00E-14
0.875,3.00E-14
0.90625,3.00E-14
0.9375,3.00E-14
0.96875,3.00E-14
1,3.00E-14
1.03125,3.00E-14
1.0625,3.00E-14
1.09375,3.00E-14
1.125,3.00E-14
1.15625,3.00E-14
1.1875,3.00E-14
1.21875,3.00E-14
1.25,3.00E-14
1.28125,3.00E-14
1.3125,3.00E-14
1.34375,3.00E-14
1.375,3.00E-14
1.40625,3.00E-14
1.4375,3.00E-14
1.46875,3.00E-14
1.5,3.00E-14
1.53125,3.00E-14
1.5625,3.00E-14
1.59375,3.00E-14
1.625,3.00E-14
1.65625,3.00E-14
1.6875,3.00E-14
1.71875,3.00E-14
1.75,3.00E-14
1.78125,3.00E-14
1.8125,3.00E-14
1.84375,3.00E-14
1.875,3.00E-14
1.90625,3.00E-14
1.9375,3.00E-14
1.96875,3.00E-14
2,3.00E-14
2.03125,3.00E-14
2.0625,3.00E-14
2.09375,3.00E-14
2.125,3.00E-14
2.15625,3.00E-14
2.1875,3.00E-14
2.21875,3.00E-14
2.25,3.00E-14
2.28125,3.00E-14
2.3125,3.00E-14
2.34375,3.00E-14
2.375,3.00E-14
2.40625,3.00E-14
2.4375,3.00E-14
2.46875,3.00E-14
2.5,3.00E-14
2.53125,3.00E-14
2.5625,3.00E-14
2.59375,3.00E-14
2.625,3.00E-14
2.65625,3.00E-14
2.6875,3.00E-14
2.71875,3.00E-14
2.75,3.00E-14
2.78125,3.00E-14
2.8125,3.00E-14
2.84375,3.00E-14
2.875,3.00E-14
2.90625,3.00E-14
2.9375,3.00E-14
2.96875,3.00E-14
3,3.00E-14
3.03125,3.00E-14
3.0625,3.00E-14
3.09375,3.00E-14
3.125,3.00E-14
3.15625,3.00E-14
3.1875,3.00E-14
3.21875,3.00E-14
3.25,3.00E-14
3.28125,3.00E-14
3.3125,3.00E-14
3.34375,3.00E-14
3.375,3.00E-14
3.40625,3.00E-14
3.4375,3.00E-14
3.46875,3.00E-14
3.5,3.00E-14
3.53125,3.00E-14
3.5625,3.00E-14
3.59375,3.00E-14
3.625,3.00E-14
3.65625,3.00E-14
3.6875,3.00E-14
3.71875,3.00E-14
3.75,3.00E-14
3.78125,3.00E-14
3.8125,3.00E-14
3.84375,3.00E-14
3.875,3.00E-14
3.90625,3.00E-14
3.9375,3.00E-14
3.96875,3.00E-14
4,3.00E-14
4.03125,3.00E-14
4.0625,3.00E-14
4.09375,3.00E-14
4.125,3.00E-14
4.15625,3.00E-14
4.1875,3.00E-14
4.21875,3.00E-14
4.25,3.00E-14
4.28125,3.00E-14
4.3125,3.00E-14
4.34375,3.00E-14
4.375,3.00E-14
4.40625,3.00E-14
4.4375,3.00E-14
4.46875,3.00E-14
4.5,3.00E-14
4.53125,3.00E-14
4.5625,3.00E-14
4.59375,3.00E-14
4.625,3.00E-14
4.65625,3.00E-14
4.6875,3.00E-14
4.71875,3.00E-14
4.75,3.00E-14
4.78125,3.00E-14
4.8125,3.00E-14
4.84375,3.00E-14
4.875,3.00E-14
4.90625,3.00E-14
4.9375,3.00E-14
4.96875,3.00E-14
5,3.00E-14
5.03125,3.00E-14
5.0625,3.00E-14
5.09375,3.00E-14
5.125,3.00E-14
5.15625,3.00E-14
5.1875,3.00E-14
5.21875,3.00E-14
5.25,3.00E-14
5.28125,3.00E-14
5.3125,3.00E-14
5.34375,3.00E-14
5.375,3.00E-14
5.40625,3.00E-14
5.4375,3.00E-14
5.46875,3.00E-14
5.5,3.00E-14
5.53125,3.00E-14
5.5625,3.00E-14
5.59375,3.00E-14
5.625,3.00E-14
5.65625,3.00E-14
5.6875,3.00E-14
5.71875,3.00E-14
5.75,3.00E-14
5.78125,3.00E-14
5.8125,3.00E-14
5.84375,3.00E-14
5.875,3.00E-14
5.90625,3.00E-14
5.9375,3.00E-14
5.96875,3.00E-14
6,3.00E-14
6.03125,3.00E-14
6.0625,3.00E-14
6.09375,3.00E-14
6.125,3.00E-14
6.15625,3.00E-14
6.1875,3.00E-14
6.21875,3.00E-14
6.25,3.00E-14
6.28125,3.00E-14
6.3125,3.00E-14
6.34375,3.00E-14
6.375,3.00E-14
6.40625,3.00E-14
6.4375,3.00E-14
6.46875,3.00E-14
6.5,3.00E-14
6.53125,3.00E-14
6.5625,3.00E-14
6.59375,3.00E-14
6.625,3.00E-14
6.65625,3.00E-14
6.6875,3.00E-14
6.71875,3.00E-14
6.75,3.00E-14
6.78125,3.00E-14
6.8125,3.00E-14
6.84375,3.00E-14
6.875,3.00E-14
6.90625,3.00E-14
6.9375,3.00E-14
6.96875,3.00E-14
7,3.00E-14
7.03125,3.00E-14
7.0625,3.00E-14
7.09375,3.00E-14
7.125,3.00E-14
7.15625,3.00E-14
7.1875,3.00E-14
7.21875,3.00E-14
7.25,3.00E-14
7.28125,3.00E-14
7.3125,3.00E-14
7.34375,3.00E-14
7.375,3.00E-14
7.40625,3.00E-14
7.4375,3.00E-14
7.46875,3.00E-14
7.5,3.00E-14
7.53125,3.00E-14
7.5625,3.00E-14
7.59375,3.00E-14
7.625,3.00E-14
7.65625,3.00E-14
7.6875,3.00E-14
7.71875,3.00E-14
7.75,3.00E-14
7.78125,3.00E-14
7.8125,3.00E-14
7.84375,3.00E-14
7.875,3.00E-14
7.90625,3.00E-14
7.9375,3.00E-14
7.96875,3.00E-14
8,3.00E-14
8.03125,3.00E-14
8.0625,3.00E-14
8.09375,3.00E-14
8.125,3.00E-14
8.15625,3.00E-14
8.1875,3.00E-14
8.21875,3.00E-14
8.25,3.00E-14
8.28125,3.00E-14
8.3125,3.00E-14
8.34375,3.00E-14
8.375,3.00E-14
8.40625,3.00E-14
8.4375,3.00E-14
8.46875,3.00E-14
8.5,3.00E-14
8.53125,3.00E-14
8.5625,3.00E-14
8.59375,3.00E-14
8.625,3.00E-14
8.65625,3.00E-14
8.6875,3.00E-14
8.71875,3.00E-14
8.75,3.00E-14
8.78125,3.00E-14
8.8125,3.00E-14
8.84375,3.00E-14
8.875,3.00E-14
8.90625,3.00E-14
8.9375,3.00E-14
8.96875,3.00E-14
9,3.00E-14
9.03125,3.00E-14
9.0625,3.00E-14
9.09375,3.00E-14
9.125,3.00E-14
9.15625,3.00E-14
9.1875,3.00E-14
9.21875,3.00E-14
9.25,3.00E-14
9.28125,3.00E-14
9.3125,3.00E-14
9.34375,3.00E-14
9.375,3.00E-14
9.40625,3.00E-14
9.4375,3.00E-14
9.46875,3.00E-14
9.5,3.00E-14
9.53125,3.00E-14
9.5625,3.00E-14
9.59375,3.00E-14
9.625,3.00E-14
9.65625,3.00E-14
9.6875,3.00E-14
9.71875,3.00E-14
9.75,3.00E-14
9.78125,3.00E-14
9.8125,3.00E-14
9.84375,3.00E-14
9.875,3.00E-14
9.90625,3.00E-14
9.9375,3.00E-14
9.96875,3.00E-14
10,3.00E-14
10.03125,3.00E-14
10.0625,3.00E-14
10.09375,3.00E-14
10.125,3.00E-14
10.15625,3.00E-14
10.1875,3.00E-14
10.21875,3.00E-14
10.25,3.00E-14
10.28125,3.00E-14
10.3125,3.00E-14
10.34375,3.00E-14
10.375,3.00E-14
10.40625,3.00E-14
10.4375,3.00E-14
10.46875,3.00E-14
10.5,3.00E-14
10.53125,3.00E-14
10.5625,3.00E-14
10.59375,3.00E-14
10.625,3.00E-14
10.65625,3.00E-14
10.6875,3.00E-14
10.71875,3.00E-14
10.75,3.00E-14
10.78125,3.00E-14
10.8125,3.00E-14
10.84375,3.00E-14
10.875,3.00E-14
10.90625,3.00E-14
10.9375,3.00E-14
10.96875,3.00E-14
11,3.00E-14
11.03125,3.00E-14
11.0625,3.00E-14
11.09375,3.00E-14
11.125,3.00E-14
11.15625,3.00E-14
11.1875,3.00E-14
11.21875,3.00E-14
11.25,3.00E-14
11.28125,3.00E-14
11.3125,3.00E-14
11.34375,3.00E-14
11.375,3.00E-14
11.40625,3.00E-14
11.4375,3.00E-14
11.46875,3.00E-14
11.5,3.00E-14
11.53125,3.00E-14
11.5625,3.00E-14
11.59375,3.00E-14
11.625,3.00E-14
11.65625,3.00E-14
11.6875,3.00E-14
11.71875,3.00E-14
11.75,3.00E-14
11.78125,3.00E-14
11.8125,3.00E-14
11.84375,3.00E-14
11.875,3.00E-14
11.90625,3.00E-14
11.9375,3.00E-14
11.96875,3.00E-14
12,3.00E-14
12.03125,3.00E-14
12.0625,3.00E-14
12.09375,3.00E-14
12.125,3.00E-14
12.15625,3.00E-14
12.1875,3.00E-14
12.21875,3.00E-14
12.25,3.00E-14
12.28125,3.00E-14
12.3125,3.00E-14
12.34375,3.00E-14
12.375,3.00E-14
12.40625,3.00E-14
12.4375,3.00E-14
12.46875,3.00E-14
12.5,3.00E-14
12.53125,3.00E-14
12.5625,3.00E-14
12.59375,3.00E-14
12.625,3.00E-14
12.65625,3.00E-14
12.6875,3.00E-14
12.71875,3.00E-14
12.75,3.00E-14
12.78125,3.00E-14
12.8125,3.00E-14
12.84375,3.00E-14
12.875,3.00E-14
12.90625,3.00E-14
12.9375,3.00E-14
12.96875,3.00E-14
13,3.00E-14
13.03125,3.00E-14
13.0625,3.00E-14
13.09375,3.00E-14
13.125,3.00E-14
13.15625,3.00E-14
13.1875,3.00E-14
13.21875,3.00E-14
13.25,3.00E-14
13.28125,3.00E-14
13.3125,3.00E-14
13.34375,3.00E-14
13.375,3.00E-14
13.40625,3.00E-14
13.4375,3.00E-14
13.46875,3.00E-14
13.5,3.00E-14
13.53125,3.00E-14
13.5625,3.00E-14
13.59375,3.00E-14
13.625,3.00E-14
13.65625,3.00E-14
13.6875,3.00E-14
13.71875,3.00E-14
13.75,3.00E-14
13.78125,3.00E-14
13.8125,3.00E-14
13.84375,3.00E-14
13.875,3.00E-14
13.90625,3.00E-14
13.9375,3.00E-14
13.96875,3.00E-14
14,3.00E-14
14.03125,3.00E-14
14.0625,3.00E-14
14.09375,3.00E-14
14.125,3.00E-14
14.15625,3.00E-14
14.1875,3.00E-14
14.21875,3.00E-14
14.25,3.00E-14
14.28125,3.00E-14
14.3125,3.00E-14
14.34375,3.00E-14
14.375,3.00E-14
14.40625,3.00E-14
14.4375,3.00E-14
14.46875,3.00E-14
14.5,3.00E-14
14.53125,3.00E-14
14.5625,3.00E-14
14.59375,3.00E-14
14.625,3.00E-14
14.65625,3.00E-14
14.6875,3.00E-14
14.71875,3.00E-14
14.75,3.00E-14
14.78125,3.00E-14
14.8125,3.00E-14
14.84375,3.00E-14
14.875,3.00E-14
14.90625,3.00E-14
14.9375,3.00E-14
14.96875,3.00E-14
15,3.00E-14
15.03125,3.00E-14
15.0625,3.00E-14
15.09375,3.00E-14
15.125,3.00E-14
15.15625,3.00E-14
15.1875,3.00E-14
15.21875,3.00E-14
15.25,3.00E-14
15.28125,3.00E-14
15.3125,3.00E-14
15.34375,3.00E-14
15.375,3.00E-14
15.40625,3.00E-14
15.4375,3.00E-14
15.46875,3.00E-14
15.5,3.00E-14
15.53125,3.00E-14
15.5625,3.00E-14
15.59375,3.00E-14
15.625,3.00E-14
15.65625,3.00E-14
15.6875,3.00E-14
15.71875,3.00E-14
15.75,3.00E-14
15.78125,3.00E-14
15.8125,3.00E-14
15.84375,3.00E-14
15.875,3.00E-14
15.90625,3.00E-14
15.9375,3.00E-14
15.96875,3.00E-14
16,3.00E-14
16.03125,3.00E-14
16.0625,3.00E-14
16.09375,3.00E-14
16.125,3.00E-14
16.15625,3.00E-14
16.1875,3.00E-14
16.21875,3.00E-14
16.25,3.00E-14
16.28125,3.00E-14
16.3125,3.00E-14
16.34375,3.00E-14
16.375,3.00E-14
16.40625,3.00E-14
16.4375,3.00E-14
16.46875,3.00E-14
16.5,3.00E-14
16.53125,3.00E-14
16.5625,3.00E-14
16.59375,3.00E-14
16.625,3.00E-14
16.65625,3.00E-14
16.6875,3.00E-14
16.71875,3.00E-14
16.75,3.00E-14
16.78125,3.00E-14
16.8125,3.00E-14
16.84375,3.00E-14
16.875,3.00E-14
16.90625,3.00E-14
16.9375,3.00E-14
16.96875,3.00E-14
17,3.00E-14
17.03125,3.00E-14
17.0625,3.00E-14
17.09375,3.00E-14
17.125,3.00E-14
17.15625,3.00E-14
17.1875,3.00E-14
17.21875,3.00E-14
17.25,3.00E-14
17.28125,3.00E-14
17.3125,3.00E-14
17.34375,3.00E-14
17.375,3.00E-14
17.40625,3.00E-14
17.4375,3.00E-14
17.46875,3.00E-14
17.5,3.00E-14
17.53125,3.00E-14
17.5625,3.00E-14
17.59375,3.00E-14
17.625,3.00E-14
17.65625,3.00E-14
17.6875,3.00E-14
17.71875,3.00E-14
17.75,3.00E-14
17.78125,3.00E-14
17.8125,3.00E-14
17.84375,3.00E-14
17.875,3.00E-14
17.90625,3.00E-14
17.9375,3.00E-14
17.96875,3.00E-14
18,3.00E-14
18.03125,3.00E-14
18.0625,3.00E-14
18.09375,3.00E-14
18.125,3.00E-14
18.15625,3.00E-14
18.1875,3.00E-14
18.21875,3.00E-14
18.25,3.00E-14
18.28125,3.00E-14
18.3125,3.00E-14
18.34375,3.00E-14
18.375,3.00E-14
18.40625,3.00E-14
18.4375,3.00E-14
18.46875,3.00E-14
18.5,3.00E-14
18.53125,3.00E-14
18.5625,3.00E-14
18.59375,3.00E-14
18.625,3.00E-14
18.65625,3.00E-14
18.6875,3.00E-14
18.71875,3.00E-14
18.75,3.00E-14
18.78125,3.00E-14
18.8125,3.00E-14
18.84375,3.00E-14
18.875,3.00E-14
18.90625,3.00E-14
18.9375,3.00E-14
18.96875,3.00E-14
19,3.00E-14
19.03125,3.00E-14
19.0625,3.00E-14
19.09375,3.00E-14
19.125,3.00E-14
19.15625,3.00E-14
19.1875,3.00E-14
19.21875,3.00E-14
19.25,3.00E-14
19.28125,3.00E-14
19.3125,3.00E-14
19.34375,3.00E-14
19.375,3.00E-14
19.40625,3.00E-14
19.4375,3.00E-14
19.46875,3.00E-14
19.5,3.00E-14
19.53125,3.00E-14
19.5625,3.00E-14
19.59375,3.00E-14
19.625,3.00E-14
19.65625,3.00E-14
19.6875,3.00E-14
19.71875,3.00E-14
19.75,3.00E-14
19.78125,3.00E-14
19.8125,3.00E-14
19.84375,3.00E-14
19.875,3.00E-14
19.90625,3.00E-14
19.9375,3.00E-14
19.96875,3.00E-14
20,3.00E-14
20.03125,3.00E-14
20.0625,3.00E-14
20.09375,3.00E-14
20.125,3.00E-14
20.15625,3.00E-14
20.1875,3.00E-14
20.21875,3.00E-14
20.25,3.00E-14
20.28125,3.00E-14
20.3125,3.00E-14
20.34375,3.00E-14
20.375,3.00E-14
20.40625,3.00E-14
20.4375,3.00E-14
20.46875,3.00E-14
20.5,3.00E-14
20.53125,3.00E-14
20.5625,3.00E-14
20.59375,3.00E-14
20.625,3.00E-14
20.65625,3.00E-14
20.6875,3.00E-14
20.71875,3.00E-14
20.75,3.00E-14
20.78125,3.00E-14
20.8125,3.00E-14
20.84375,3.00E-14
20.875,3.00E-14
20.90625,3.00E-14
20.9375,3.00E-14
20.96875,3.00E-14
21,3.00E-14
21.03125,3.00E-14
21.0625,3.00E-14
21.09375,3.00E-14
21.125,3.00E-14
21.15625,3.00E-14
21.1875,3.00E-14
21.21875,3.00E-14
21.25,3.00E-14
21.28125,3.00E-14
21.3125,3.00E-14
21.34375,3.00E-14
21.375,3.00E-14
21.40625,3.00E-14
21.4375,3.00E-14
21.46875,3.00E-14
21.5,3.00E-14
21.53125,3.00E-14
21.5625,3.00E-14
21.59375,3.00E-14
21.625,3.00E-14
21.65625,3.00E-14
21.6875,3.00E-14
21.71875,3.00E-14
21.75,3.00E-14
21.78125,3.00E-14
21.8125,3.00E-14
21.84375,3.00E-14
21.875,3.00E-14
21.90625,3.00E-14
21.9375,3.00E-14
21.96875,3.00E-14
22,3.00E-14
22.03125,3.00E-14
22.0625,3.00E-14
22.09375,3.00E-14
22.125,3.00E-14
22.15625,3.00E-14
22.1875,3.00E-14
22.21875,3.00E-14
22.25,3.00E-14
22.28125,3.00E-14
22.3125,3.00E-14
22.34375,3.00E-14
22.375,3.00E-14
22.40625,3.00E-14
22.4375,3.00E-14
22.46875,3.00E-14
22.5,3.00E-14
22.53125,3.00E-14
22.5625,3.00E-14
22.59375,3.00E-14
22.625,3.00E-14
22.65625,3.00E-14
22.6875,3.00E-14
22.71875,3.00E-14
22.75,3.00E-14
22.78125,3.00E-14
22.8125,3.00E-14
22.84375,3.00E-14
22.875,3.00E-14
22.90625,3.00E-14
22.9375,3.00E-14
22.96875,3.00E-14
23,3.00E-14
23.03125,3.00E-14
23.0625,3.00E-14
23.09375,3.00E-14
23.125,3.00E-14
23.15625,3.00E-14
23.1875,3.00E-14
23.21875,3.00E-14
23.25,3.00E-14
23.28125,3.00E-14
23.3125,3.00E-14
23.34375,3.00E-14
23.375,3.00E-14
23.40625,3.00E-14
23.4375,3.00E-14
23.46875,3.00E-14
23.5,3.00E-14
23.53125,3.00E-14
23.5625,3.00E-14
23.59375,3.00E-14
23.625,3.00E-14
23.65625,3.00E-14
23.6875,3.00E-14
23.71875,3.00E-14
23.75,3.00E-14
23.78125,3.00E-14
23.8125,3.00E-14
23.84375,3.00E-14
23.875,3.00E-14
23.90625,3.00E-14
23.9375,3.00E-14
23.96875,3.00E-14
24,3.00E-14
24.03125,3.00E-14
24.0625,3.00E-14
24.09375,3.00E-14
24.125,3.00E-14
24.15625,3.00E-14
24.1875,3.00E-14
24.21875,3.00E-14
24.25,3.00E-14
24.28125,3.00E-14
24.3125,3.00E-14
24.34375,3.00E-14
24.375,3.00E-14
24.40625,3.00E-14
24.4375,3.00E-14
24.46875,3.00E-14
24.5,3.00E-14
24.53125,3.00E-14
24.5625,3.00E-14
24.59375,3.00E-14
24.625,3.00E-14
24.65625,3.00E-14
24.6875,3.00E-14
24.71875,3.00E-14
24.75,3.00E-14
24.78125,3.00E-14
24.8125,3.00E-14
24.84375,3.00E-14
24.875,3.00E-14
24.90625,3.00E-14
24.9375,3.00E-14
24.96875,3.00E-14
25,3.00E-14
25.03125,3.00E-14
25.0625,3.00E-14
25.09375,3.00E-14
25.125,3.00E-14
25.15625,3.00E-14
25.1875,3.00E-14
25.21875,3.00E-14
25.25,3.00E-14
25.28125,3.00E-14
25.3125,3.00E-14
25.34375,3.00E-14
25.375,3.00E-14
25.40625,3.00E-14
25.4375,3.00E-14
25.46875,3.00E-14
25.5,3.00E-14
25.53125,3.00E-14
25.5625,3.00E-14
25.59375,3.00E-14
25.625,3.00E-14
25.65625,3.00E-14
25.6875,3.00E-14
25.71875,3.00E-14
25.75,3.00E-14
25.78125,3.00E-14
25.8125,3.00E-14
25.84375,3.00E-14
25.875,3.00E-14
25.90625,3.00E-14
25.9375,3.00E-14
25.96875,3.00E-14
26,3.00E-14
26.03125,3.00E-14
26.0625,3.00E-14
26.09375,3.00E-14
26.125,3.00E-14
26.15625,3.00E-14
26.1875,3.00E-14
26.21875,3.00E-14
26.25,3.00E-14
26.28125,3.00E-14
26.3125,3.00E-14
26.34375,3.00E-14
26.375,3.00E-14
26.40625,3.00E-14
26.4375,3.00E-14
26.46875,3.00E-14
26.5,3.00E-14
26.53125,3.00E-14
26.5625,3.00E-14
26.59375,3.00E-14
26.625,3.00E-14
26.65625,3.00E-14
26.6875,3.00E-14
26.71875,3.00E-14
26.75,3.00E-14
26.78125,3.00E-14
26.8125,3.00E-14
26.84375,3.00E-14
26.875,3.00E-14
26.90625,3.00E-14
26.9375,3.00E-14
26.96875,3.00E-14
27,3.00E-14
27.03125,3.00E-14
27.0625,3.00E-14
27.09375,3.00E-14
27.125,3.00E-14
27.15625,3.00E-14
27.1875,3.00E-14
27.21875,3.00E-14
27.25,3.00E-14
27.28125,3.00E-14
27.3125,3.00E-14
27.34375,3.00E-14
27.375,3.00E-14
27.40625,3.00E-14
27.4375,3.00E-14
27.46875,3.00E-14
27.5,3.00E-14
27.53125,3.00E-14
27.5625,3.00E-14
27.59375,3.00E-14
27.625,3.00E-14
27.65625,3.00E-14
27.6875,3.00E-14
27.71875,3.00E-14
27.75,3.00E-14
27.78125,3.00E-14
27.8125,3.00E-14
27.84375,3.00E-14
27.875,3.00E-14
27.90625,3.00E-14
27.9375,3.00E-14
27.96875,3.00E-14
28,3.00E-14
28.03125,3.00E-14
28.0625,3.00E-14
28.09375,3.00E-14
28.125,3.00E-14
28.15625,3.00E-14
28.1875,3.00E-14
28.21875,3.00E-14
28.25,3.00E-14
28.28125,3.00E-14
28.3125,3.00E-14
28.34375,3.00E-14
28.375,3.00E-14
28.40625,3.00E-14
28.4375,3.00E-14
28.46875,3.00E-14
28.5,3.00E-14
28.53125,3.00E-14
28.5625,3.00E-14
28.59375,3.00E-14
28.625,3.00E-14
28.65625,3.00E-14
28.6875,3.00E-14
28.71875,3.00E-14
28.75,3.00E-14
28.78125,3.00E-14
28.8125,3.00E-14
28.84375,3.00E-14
28.875,3.00E-14
28.90625,3.00E-14
28.9375,3.00E-14
28.96875,3.00E-14
29,3.00E-14
29.03125,3.00E-14
29.0625,3.00E-14
29.09375,3.00E-14
29.125,3.00E-14
29.15625,3.00E-14
29.1875,3.00E-14
29.21875,3.00E-14
29.25,3.00E-14
29.28125,3.00E-14
29.3125,3.00E-14
29.34375,3.00E-14
29.375,3.00E-14
29.40625,3.00E-14
29.4375,3.00E-14
29.46875,3.00E-14
29.5,3.00E-14
29.53125,3.00E-14
29.5625,3.00E-14
29.59375,3.00E-14
29.625,3.00E-14
29.65625,3.00E-14
29.6875,3.00E-14
29.71875,3.00E-14
29.75,3.00E-14
29.78125,3.00E-14
29.8125,3.00E-14
29.84375,3.00E-14
29.875,3.00E-14
29.90625,3.00E-14
29.9375,3.00E-14
29.96875,3.00E-14
30,3.00E-14
30.03125,3.00E-14
30.0625,3.00E-14
30.09375,3.00E-14
30.125,3.00E-14
30.15625,3.00E-14
30.1875,3.00E-14
30.21875,3.00E-14
30.25,3.00E-14
30.28125,3.00E-14
30.3125,3.00E-14
30.34375,3.00E-14
30.375,3.00E-14
30.40625,3.00E-14
30.4375,3.00E-14
30.46875,3.00E-14
30.5,3.00E-14
30.53125,3.00E-14
30.5625,3.00E-14
30.59375,3.00E-14
30.625,3.00E-14
30.65625,3.00E-14
30.6875,3.00E-14
30.71875,3.00E-14
30.75,3.00E-14
30.78125,3.00E-14
30.8125,3.00E-14
30.84375,3.00E-14
30.875,3.00E-14
30.90625,3.00E-14
30.9375,3.00E-14
30.96875,3.00E-14
31,3.00E-14
31.03125,3.00E-14
31.0625,3.00E-14
31.09375,3.00E-14
31.125,3.00E-14
31.15625,3.00E-14
31.1875,3.00E-14
31.21875,3.00E-14
31.25,3.00E-14
31.28125,3.00E-14
31.3125,3.00E-14
31.34375,3.00E-14
31.375,3.00E-14
31.40625,3.00E-14
31.4375,3.00E-14
31.46875,3.00E-14
31.5,3.00E-14
31.53125,3.00E-14
31.5625,3.00E-14
31.59375,3.00E-14
31.625,3.00E-14
31.65625,3.00E-14
31.6875,3.00E-14
31.71875,3.00E-14
31.75,3.00E-14
31.78125,3.00E-14
31.8125,3.00E-14
31.84375,3.00E-14
31.875,3.00E-14
31.90625,3.00E-14
31.9375,3.00E-14
31.96875,3.00E-14
32,3.00E-14
32.03125,3.00E-14
32.0625,3.00E-14
32.09375,3.00E-14
32.125,3.00E-14
32.15625,3.00E-14
32.1875,3.00E-14
32.21875,3.00E-14
32.25,3.00E-14
32.28125,3.00E-14
32.3125,3.00E-14
32.34375,3.00E-14
32.375,3.00E-14
32.40625,3.00E-14
32.4375,3.00E-14
32.46875,3.00E-14
32.5,3.00E-14
32.53125,3.00E-14
32.5625,3.00E-14
32.59375,3.00E-14
32.625,3.00E-14
32.65625,3.00E-14
32.6875,3.00E-14
32.71875,3.00E-14
32.75,3.00E-14
32.78125,3.00E-14
32.8125,3.00E-14
32.84375,3.00E-14
32.875,3.00E-14
32.90625,3.00E-14
32.9375,3.00E-14
32.96875,3.00E-14
33,3.00E-14
33.03125,3.00E-14
33.0625,3.00E-14
33.09375,3.00E-14
33.125,3.00E-14
33.15625,3.00E-14
33.1875,3.00E-14
33.21875,3.00E-14
33.25,3.00E-14
33.28125,3.00E-14
33.3125,3.00E-14
33.34375,3.00E-14
33.375,3.00E-14
33.40625,3.00E-14
33.4375,3.00E-14
33.46875,3.00E-14
33.5,3.00E-14
33.53125,3.00E-14
33.5625,3.00E-14
33.59375,3.00E-14
33.625,3.00E-14
33.65625,3.00E-14
33.6875,3.00E-14
33.71875,3.00E-14
33.75,3.00E-14
33.78125,3.00E-14
33.8125,3.00E-14
33.84375,3.00E-14
33.875,3.00E-14
33.90625,3.00E-14
33.9375,3.00E-14
33.96875,3.00E-14
34,3.00E-14
34.03125,3.00E-14
34.0625,3.00E-14
34.09375,3.00E-14
34.125,3.00E-14
34.15625,3.00E-14
34.1875,3.00E-14
34.21875,3.00E-14
34.25,3.00E-14
34.28125,3.00E-14
34.3125,3.00E-14
34.34375,3.00E-14
34.375,3.00E-14
34.40625,3.00E-14
34.4375,3.00E-14
34.46875,3.00E-14
34.5,3.00E-14
34.53125,3.00E-14
34.5625,3.00E-14
34.59375,3.00E-14
34.625,3.00E-14
34.65625,3.00E-14
34.6875,3.00E-14
34.71875,3.00E-14
34.75,3.00E-14
34.78125,3.00E-14
34.8125,3.00E-14
34.84375,3.00E-14
34.875,3.00E-14
34.90625,3.00E-14
34.9375,3.00E-14
34.96875,3.00E-14
35,3.00E-14
35.03125,3.00E-14
35.0625,3.00E-14
35.09375,3.00E-14
35.125,3.00E-14
35.15625,3.00E-14
35.1875,3.00E-14
35.21875,3.00E-14
35.25,3.00E-14
35.28125,3.00E-14
35.3125,3.00E-14
35.34375,3.00E-14
35.375,3.00E-14
35.40625,3.00E-14
35.4375,3.00E-14
35.46875,3.00E-14
35.5,3.00E-14
35.53125,3.00E-14
35.5625,3.00E-14
35.59375,3.00E-14
35.625,3.00E-14
35.65625,3.00E-14
35.6875,3.00E-14
35.71875,3.00E-14
35.75,3.00E-14
35.78125,3.00E-14
35.8125,3.00E-14
35.84375,3.00E-14
35.875,3.00E-14
35.90625,3.00E-14
35.9375,3.00E-14
35.96875,3.00E-14
36,3.00E-14
36.03125,3.00E-14
36.0625,3.00E-14
36.09375,3.00E-14
36.125,3.00E-14
36.15625,3.00E-14
36.1875,3.00E-14
36.21875,3.00E-14
36.25,3.00E-14
36.28125,3.00E-14
36.3125,3.00E-14
36.34375,3.00E-14
36.375,3.00E-14
36.40625,3.00E-14
36.4375,3.00E-14
36.46875,3.00E-14
36.5,3.00E-14
36.53125,3.00E-14
36.5625,3.00E-14
36.59375,3.00E-14
36.625,3.00E-14
36.65625,3.00E-14
36.6875,3.00E-14
36.71875,3.00E-14
36.75,3.00E-14
36.78125,3.00E-14
36.8125,3.00E-14
36.84375,3.00E-14
36.875,3.00E-14
36.90625,3.00E-14
36.9375,3.00E-14
36.96875,3.00E-14
37,3.00E-14
37.03125,3.00E-14
37.0625,3.00E-14
37.09375,3.00E-14
37.125,3.00E-14
37.15625,3.00E-14
37.1875,3.00E-14
37.21875,3.00E-14
37.25,3.00E-14
37.28125,3.00E-14
37.3125,3.00E-14
37.34375,3.00E-14
37.375,3.00E-14
37.40625,3.00E-14
37.4375,3.00E-14
37.46875,3.00E-14
37.5,3.00E-14
37.53125,3.00E-14
37.5625,3.00E-14
37.59375,3.00E-14
37.625,3.00E-14
37.65625,3.00E-14
37.6875,3.00E-14
37.71875,3.00E-14
37.75,3.00E-14
37.78125,3.00E-14
37.8125,3.00E-14
37.84375,3.00E-14
37.875,3.00E-14
37.90625,3.00E-14
37.9375,3.00E-14
37.96875,3.00E-14
38,3.00E-14
38.03125,3.00E-14
38.0625,3.00E-14
38.09375,3.00E-14
38.125,3.00E-14
38.15625,3.00E-14
38.1875,3.00E-14
38.21875,3.00E-14
38.25,3.00E-14
38.28125,3.00E-14
38.3125,3.00E-14
38.34375,3.00E-14
38.375,3.00E-14
38.40625,3.00E-14
38.4375,3.00E-14
38.46875,3.00E-14
38.5,3.00E-14
38.53125,3.00E-14
38.5625,3.00E-14
38.59375,3.00E-14
38.625,3.00E-14
38.65625,3.00E-14
38.6875,3.00E-14
38.71875,3.00E-14
38.75,3.00E-14
38.78125,3.00E-14
38.8125,3.00E-14
38.84375,3.00E-14
38.875,3.00E-14
38.90625,3.00E-14
38.9375,3.00E-14
38.96875,3.00E-14
39,3.00E-14
39.03125,3.00E-14
39.0625,3.00E-14
39.09375,3.00E-14
39.125,3.00E-14
39.15625,3.00E-14
39.1875,3.00E-14
39.21875,3.00E-14
39.25,3.00E-14
39.28125,3.00E-14
39.3125,3.00E-14
39.34375,3.00E-14
39.375,3.00E-14
39.40625,3.00E-14
39.4375,3.00E-14
39.46875,3.00E-14
39.5,3.00E-14
39.53125,3.00E-14
39.5625,3.00E-14
39.59375,3.00E-14
39.625,3.00E-14
39.65625,3.00E-14
39.6875,3.00E-14
39.71875,3.00E-14
39.75,3.00E-14
39.78125,3.00E-14
39.8125,3.00E-14
39.84375,3.00E-14
39.875,3.00E-14
39.90625,3.00E-14
39.9375,3.00E-14
39.96875,3.00E-14
40,3.00E-14
40.03125,3.00E-14
40.0625,3.00E-14
40.09375,3.00E-14
40.125,3.00E-14
40.15625,3.00E-14
40.1875,3.00E-14
40.21875,3.00E-14
40.25,3.00E-14
40.28125,3.00E-14
40.3125,3.00E-14
40.34375,3.00E-14
40.375,3.00E-14
40.40625,3.00E-14
40.4375,3.00E-14
40.46875,3.00E-14
40.5,3.00E-14
40.53125,3.00E-14
40.5625,3.00E-14
40.59375,3.00E-14
40.625,3.00E-14
40.65625,3.00E-14
40.6875,3.00E-14
40.71875,3.00E-14
40.75,3.00E-14
40.78125,3.00E-14
40.8125,3.00E-14
40.84375,3.00E-14
40.875,3.00E-14
40.90625,3.00E-14
40.9375,3.00E-14
40.96875,3.00E-14
41,3.00E-14
41.03125,3.00E-14
41.0625,3.00E-14
41.09375,3.00E-14
41.125,3.00E-14
41.15625,3.00E-14
41.1875,3.00E-14
41.21875,3.00E-14
41.25,3.00E-14
41.28125,3.00E-14
41.3125,3.00E-14
41.34375,3.00E-14
41.375,3.00E-14
41.40625,3.00E-14
41.4375,3.00E-14
41.46875,3.00E-14
41.5,3.00E-14
41.53125,3.00E-14
41.5625,3.00E-14
41.59375,3.00E-14
41.625,3.00E-14
41.65625,3.00E-14
41.6875,3.00E-14
41.71875,3.00E-14
41.75,3.00E-14
41.78125,3.00E-14
41.8125,3.00E-14
41.84375,3.00E-14
41.875,3.00E-14
41.90625,3.00E-14
41.9375,3.00E-14
41.96875,3.00E-14
42,3.00E-14
42.03125,3.00E-14
42.0625,3.00E-14
42.09375,3.00E-14
42.125,3.00E-14
42.15625,3.00E-14
42.1875,3.00E-14
42.21875,3.00E-14
42.25,3.00E-14
42.28125,3.00E-14
42.3125,3.00E-14
42.34375,3.00E-14
42.375,3.00E-14
42.40625,3.00E-14
42.4375,3.00E-14
42.46875,3.00E-14
42.5,3.00E-14
42.53125,3.00E-14
42.5625,3.00E-14
42.59375,3.00E-14
42.625,3.00E-14
42.65625,3.00E-14
42.6875,3.00E-14
42.71875,3.00E-14
42.75,3.00E-14
42.78125,3.00E-14
42.8125,3.00E-14
42.84375,3.00E-14
42.875,3.00E-14
42.90625,3.00E-14
42.9375,3.00E-14
42.96875,3.00E-14
43,3.00E-14
43.03125,3.00E-14
43.0625,3.00E-14
43.09375,3.00E-14
43.125,3.00E-14
43.15625,3.00E-14
43.1875,3.00E-14
43.21875,3.00E-14
43.25,3.00E-14
43.28125,3.00E-14
43.3125,3.00E-14
43.34375,3.00E-14
43.375,3.00E-14
43.40625,3.00E-14
43.4375,3.00E-14
43.46875,3.00E-14
43.5,3.00E-14
43.53125,3.00E-14
43.5625,3.00E-14
43.59375,3.00E-14
43.625,3.00E-14
43.65625,3.00E-14
43.6875,3.00E-14
43.71875,3.00E-14
43.75,3.00E-14
43.78125,3.00E-14
43.8125,3.00E-14
43.84375,3.00E-14
43.875,3.00E-14
43.90625,3.00E-14
43.9375,3.00E-14
43.96875,3.00E-14
44,3.00E-14
44.03125,3.00E-14
44.0625,3.00E-14
44.09375,3.00E-14
44.125,3.00E-14
44.15625,3.00E-14
44.1875,3.00E-14
44.21875,3.00E-14
44.25,3.00E-14
44.28125,3.00E-14
44.3125,3.00E-14
44.34375,3.00E-14
44.375,3.00E-14
44.40625,3.00E-14
44.4375,3.00E-14
44.46875,3.00E-14
44.5,3.00E-14
44.53125,3.00E-14
44.5625,3.00E-14
44.59375,3.00E-14
44.625,3.00E-14
44.65625,3.00E-14
44.6875,3.00E-14
44.71875,3.00E-14
44.75,3.00E-14
44.78125,3.00E-14
44.8125,3.00E-14
44.84375,3.00E-14
44.875,3.00E-14
44.90625,3.00E-14
44.9375,3.00E-14
44.96875,3.00E-14
45,3.00E-14
45.03125,3.00E-14
45.0625,3.00E-14
45.09375,3.00E-14
45.125,3.00E-14
45.15625,3.00E-14
45.1875,3.00E-14
45.21875,3.00E-14
45.25,3.00E-14
45.28125,3.00E-14
45.3125,3.00E-14
45.34375,3.00E-14
45.375,3.00E-14
45.40625,3.00E-14
45.4375,3.00E-14
45.46875,3.00E-14
45.5,3.00E-14
45.53125,3.00E-14
45.5625,3.00E-14
45.59375,3.00E-14
45.625,3.00E-14
45.65625,3.00E-14
45.6875,3.00E-14
45.71875,3.00E-14
45.75,3.00E-14
45.78125,3.00E-14
45.8125,3.00E-14
45.84375,3.00E-14
45.875,3.00E-14
45.90625,3.00E-14
45.9375,3.00E-14
45.96875,3.00E-14
46,3.00E-14
46.03125,3.00E-14
46.0625,3.00E-14
46.09375,3.00E-14
46.125,3.00E-14
46.15625,3.00E-14
46.1875,3.00E-14
46.21875,3.00E-14
46.25,3.00E-14
46.28125,3.00E-14
46.3125,3.00E-14
46.34375,3.00E-14
46.375,3.00E-14
46.40625,3.00E-14
46.4375,3.00E-14
46.46875,3.00E-14
46.5,3.00E-14
46.53125,3.00E-14
46.5625,3.00E-14
46.59375,3.00E-14
46.625,3.00E-14
46.65625,3.00E-14
46.6875,3.00E-14
46.71875,3.00E-14
46.75,3.00E-14
46.78125,3.00E-14
46.8125,3.00E-14
46.84375,3.00E-14
46.875,3.00E-14
46.90625,3.00E-14
46.9375,3.00E-14
46.96875,3.00E-14
47,3.00E-14
47.03125,3.00E-14
47.0625,3.00E-14
47.09375,3.00E-14
47.125,3.00E-14
47.15625,3.00E-14
47.1875,3.00E-14
47.21875,3.00E-14
47.25,3.00E-14
47.28125,3.00E-14
47.3125,3.00E-14
47.34375,3.00E-14
47.375,3.00E-14
47.40625,3.00E-14
47.4375,3.00E-14
47.46875,3.00E-14
47.5,3.00E-14
47.53125,3.00E-14
47.5625,3.00E-14
47.59375,3.00E-14
47.625,3.00E-14
47.65625,3.00E-14
47.6875,3.00E-14
47.71875,3.00E-14
47.75,3.00E-14
47.78125,3.00E-14
47.8125,3.00E-14
47.84375,3.00E-14
47.875,3.00E-14
47.90625,3.00E-14
47.9375,3.00E-14
47.96875,3.00E-14
48,3.00E-14
48.03125,3.00E-14
48.0625,3.00E-14
48.09375,3.00E-14
48.125,3.00E-14
48.15625,3.00E-14
48.1875,3.00E-14
48.21875,3.00E-14
48.25,3.00E-14
48.28125,3.00E-14
48.3125,3.00E-14
48.34375,3.00E-14
48.375,3.00E-14
48.40625,3.00E-14
48.4375,3.00E-14
48.46875,3.00E-14
48.5,3.00E-14
48.53125,3.00E-14
48.5625,3.00E-14
48.59375,3.00E-14
48.625,3.00E-14
48.65625,3.00E-14
48.6875,3.00E-14
48.71875,3.00E-14
48.75,3.00E-14
48.78125,3.00E-14
48.8125,3.00E-14
48.84375,3.00E-14
48.875,3.00E-14
48.90625,3.00E-14
48.9375,3.00E-14
48.96875,3.00E-14
49,3.00E-14
49.03125,3.00E-14
49.0625,3.00E-14
49.09375,3.00E-14
49.125,3.00E-14
49.15625,3.00E-14
49.1875,3.00E-14
49.21875,3.00E-14
49.25,3.00E-14
49.28125,3.00E-14
49.3125,3.00E-14
49.34375,3.00E-14
49.375,3.00E-14
49.40625,3.00E-14
49.4375,3.00E-14
49.46875,3.00E-14
49.5,3.00E-14
49.53125,3.00E-14
49.5625,3.00E-14
49.59375,3.00E-14
49.625,3.00E-14
49.65625,3.00E-14
49.6875,3.00E-14
49.71875,3.00E-14
49.75,3.00E-14
49.78125,3.00E-14
49.8125,3.00E-14
49.84375,3.00E-14
49.875,3.00E-14
49.90625,3.00E-14
49.9375,3.00E-14
49.96875,3.00E-14
50,3.00E-14
50.03125,3.00E-14
50.0625,3.00E-14
50.09375,3.00E-14
50.125,3.00E-14
50.15625,3.00E-14
50.1875,3.00E-14
50.21875,3.00E-14
50.25,3.00E-14
50.28125,3.00E-14
50.3125,3.00E-14
50.34375,3.00E-14
50.375,3.00E-14
50.40625,3.00E-14
50.4375,3.00E-14
50.46875,3.00E-14
50.5,3.00E-14
50.53125,3.00E-14
50.5625,3.00E-14
50.59375,3.00E-14
50.625,3.00E-14
50.65625,3.00E-14
50.6875,3.00E-14
50.71875,3.00E-14
50.75,3.00E-14
50.78125,3.00E-14
50.8125,3.00E-14
50.84375,3.00E-14
50.875,3.00E-14
50.90625,3.00E-14
50.9375,3.00E-14
50.96875,3.00E-14
51,3.00E-14
51.03125,3.00E-14
51.0625,3.00E-14
51.09375,3.00E-14
51.125,3.00E-14
51.15625,3.00E-14
51.1875,3.00E-14
51.21875,3.00E-14
51.25,3.00E-14
51.28125,3.00E-14
51.3125,3.00E-14
51.34375,3.00E-14
51.375,3.00E-14
51.40625,3.00E-14
51.4375,3.00E-14
51.46875,3.00E-14
51.5,3.00E-14
51.53125,3.00E-14
51.5625,3.00E-14
51.59375,3.00E-14
51.625,3.00E-14
51.65625,3.00E-14
51.6875,3.00E-14
51.71875,3.00E-14
51.75,3.00E-14
51.78125,3.00E-14
51.8125,3.00E-14
51.84375,3.00E-14
51.875,3.00E-14
51.90625,3.00E-14
51.9375,3.00E-14
51.96875,3.00E-14
52,3.00E-14
52.03125,3.00E-14
52.0625,3.00E-14
52.09375,3.00E-14
52.125,3.00E-14
52.15625,3.00E-14
52.1875,3.00E-14
52.21875,3.00E-14
52.25,3.00E-14
52.28125,3.00E-14
52.3125,3.00E-14
52.34375,3.00E-14
52.375,3.00E-14
52.40625,3.00E-14
52.4375,3.00E-14
52.46875,3.00E-14
52.5,3.00E-14
52.53125,3.00E-14
52.5625,3.00E-14
52.59375,3.00E-14
52.625,3.00E-14
52.65625,3.00E-14
52.6875,3.00E-14
52.71875,3.00E-14
52.75,3.00E-14
52.78125,3.00E-14
52.8125,3.00E-14
52.84375,3.00E-14
52.875,3.00E-14
52.90625,3.00E-14
52.9375,3.00E-14
52.96875,3.00E-14
53,3.00E-14
53.03125,3.00E-14
53.0625,3.00E-14
53.09375,3.00E-14
53.125,3.00E-14
53.15625,3.00E-14
53.1875,3.00E-14
53.21875,3.00E-14
53.25,3.00E-14
53.28125,3.00E-14
53.3125,3.00E-14
53.34375,3.00E-14
53.375,3.00E-14
53.40625,3.00E-14
53.4375,3.00E-14
53.46875,3.00E-14
53.5,3.00E-14
53.53125,3.00E-14
53.5625,3.00E-14
53.59375,3.00E-14
53.625,3.00E-14
53.65625,3.00E-14
53.6875,3.00E-14
53.71875,3.00E-14
53.75,3.00E-14
53.78125,3.00E-14
53.8125,3.00E-14
53.84375,3.00E-14
53.875,3.00E-14
53.90625,3.00E-14
53.9375,3.00E-14
53.96875,3.00E-14
54,3.00E-14
54.03125,3.00E-14
54.0625,3.00E-14
54.09375,3.00E-14
54.125,3.00E-14
54.15625,3.00E-14
54.1875,3.00E-14
54.21875,3.00E-14
54.25,3.00E-14
54.28125,3.00E-14
54.3125,3.00E-14
54.34375,3.00E-14
54.375,3.00E-14
54.40625,3.00E-14
54.4375,3.00E-14
54.46875,3.00E-14
54.5,3.00E-14
54.53125,3.00E-14
54.5625,3.00E-14
54.59375,3.00E-14
54.625,3.00E-14
54.65625,3.00E-14
54.6875,3.00E-14
54.71875,3.00E-14
54.75,3.00E-14
54.78125,3.00E-14
54.8125,3.00E-14
54.84375,3.00E-14
54.875,3.00E-14
54.90625,3.00E-14
54.9375,3.00E-14
54.96875,3.00E-14
55,3.00E-14
55.03125,3.00E-14
55.0625,3.00E-14
55.09375,3.00E-14
55.125,3.00E-14
55.15625,3.00E-14
55.1875,3.00E-14
55.21875,3.00E-14
55.25,3.00E-14
55.28125,3.00E-14
55.3125,3.00E-14
55.34375,3.00E-14
55.375,3.00E-14
55.40625,3.00E-14
55.4375,3.00E-14
55.46875,3.00E-14
55.5,3.00E-14
55.53125,3.00E-14
55.5625,3.00E-14
55.59375,3.00E-14
55.625,3.00E-14
55.65625,3.00E-14
55.6875,3.00E-14
55.71875,3.00E-14
55.75,3.00E-14
55.78125,3.00E-14
55.8125,3.00E-14
55.84375,3.00E-14
55.875,3.00E-14
55.90625,3.00E-14
55.9375,3.00E-14
55.96875,3.00E-14
56,3.00E-14
56.03125,3.00E-14
56.0625,3.00E-14
56.09375,3.00E-14
56.125,3.00E-14
56.15625,3.00E-14
56.1875,3.00E-14
56.21875,3.00E-14
56.25,3.00E-14
56.28125,3.00E-14
56.3125,3.00E-14
56.34375,3.00E-14
56.375,3.00E-14
56.40625,3.00E-14
56.4375,3.00E-14
56.46875,3.00E-14
56.5,3.00E-14
56.53125,3.00E-14
56.5625,3.00E-14
56.59375,3.00E-14
56.625,3.00E-14
56.65625,3.00E-14
56.6875,3.00E-14
56.71875,3.00E-14
56.75,3.00E-14
56.78125,3.00E-14
56.8125,3.00E-14
56.84375,3.00E-14
56.875,3.00E-14
56.90625,3.00E-14
56.9375,3.00E-14
56.96875,3.00E-14
57,3.00E-14
57.03125,3.00E-14
57.0625,3.00E-14
57.09375,3.00E-14
57.125,3.00E-14
57.15625,3.00E-14
57.1875,3.00E-14
57.21875,3.00E-14
57.25,3.00E-14
57.28125,3.00E-14
57.3125,3.00E-14
57.34375,3.00E-14
57.375,3.00E-14
57.40625,3.00E-14
57.4375,3.00E-14
57.46875,3.00E-14
57.5,3.00E-14
57.53125,3.00E-14
57.5625,3.00E-14
57.59375,3.00E-14
57.625,3.00E-14
57.65625,3.00E-14
57.6875,3.00E-14
57.71875,3.00E-14
57.75,3.00E-14
57.78125,3.00E-14
57.8125,3.00E-14
57.84375,3.00E-14
57.875,3.00E-14
57.90625,3.00E-14
57.9375,3.00E-14
57.96875,3.00E-14
58,3.00E-14
58.03125,3.00E-14
58.0625,3.00E-14
58.09375,3.00E-14
58.125,3.00E-14
58.15625,3.00E-14
58.1875,3.00E-14
58.21875,3.00E-14
58.25,3.00E-14
58.28125,3.00E-14
58.3125,3.00E-14
58.34375,3.00E-14
58.375,3.00E-14
58.40625,3.00E-14
58.4375,3.00E-14
58.46875,3.00E-14
58.5,3.00E-14
58.53125,3.00E-14
58.5625,3.00E-14
58.59375,3.00E-14
58.625,3.00E-14
58.65625,3.00E-14
58.6875,3.00E-14
58.71875,3.00E-14
58.75,3.00E-14
58.78125,3.00E-14
58.8125,3.00E-14
58.84375,3.00E-14
58.875,3.00E-14
58.90625,3.00E-14
58.9375,3.00E-14
58.96875,3.00E-14
59,3.00E-14
59.03125,3.00E-14
59.0625,3.00E-14
59.09375,3.00E-14
59.125,3.00E-14
59.15625,3.00E-14
59.1875,3.00E-14
59.21875,3.00E-14
59.25,3.00E-14
59.28125,3.00E-14
59.3125,3.00E-14
59.34375,3.00E-14
59.375,3.00E-14
59.40625,3.00E-14
59.4375,3.00E-14
59.46875,3.00E-14
59.5,3.00E-14
59.53125,3.00E-14
59.5625,3.00E-14
59.59375,3.00E-14
59.625,3.00E-14
59.65625,3.00E-14
59.6875,3.00E-14
59.71875,3.00E-14
59.75,3.00E-14
59.78125,3.00E-14
59.8125,3.00E-14
59.84375,3.00E-14
59.875,3.00E-14
59.90625,3.00E-14
59.9375,3.00E-14
59.96875,3.00E-14
60,3.00E-14
60.03125,3.00E-14
60.0625,3.00E-14
60.09375,3.00E-14
60.125,3.00E-14
60.15625,3.00E-14
60.1875,3.00E-14
60.21875,3.00E-14
60.25,3.00E-14
60.28125,3.00E-14
60.3125,3.00E-14
60.34375,3.00E-14
60.375,3.00E-14
60.40625,3.00E-14
60.4375,3.00E-14
60.46875,3.00E-14
60.5,3.00E-14
60.53125,3.00E-14
60.5625,3.00E-14
60.59375,3.00E-14
60.625,3.00E-14
60.65625,3.00E-14
60.6875,3.00E-14
60.71875,3.00E-14
60.75,3.00E-14
60.78125,3.00E-14
60.8125,3.00E-14
60.84375,3.00E-14
60.875,3.00E-14
60.90625,3.00E-14
60.9375,3.00E-14
60.96875,3.00E-14
61,3.00E-14
61.03125,3.00E-14
61.0625,3.00E-14
61.09375,3.00E-14
61.125,3.00E-14
61.15625,3.00E-14
61.1875,3.00E-14
61.21875,3.00E-14
61.25,3.00E-14
61.28125,3.00E-14
61.3125,3.00E-14
61.34375,3.00E-14
61.375,3.00E-14
61.40625,3.00E-14
61.4375,3.00E-14
61.46875,3.00E-14
61.5,3.00E-14
61.53125,3.00E-14
61.5625,3.00E-14
61.59375,3.00E-14
61.625,3.00E-14
61.65625,3.00E-14
61.6875,3.00E-14
61.71875,3.00E-14
61.75,3.00E-14
61.78125,3.00E-14
61.8125,3.00E-14
61.84375,3.00E-14
61.875,3.00E-14
61.90625,3.00E-14
61.9375,3.00E-14
61.96875,3.00E-14
62,3.00E-14
62.03125,3.00E-14
62.0625,3.00E-14
62.09375,3.00E-14
62.125,3.00E-14
62.15625,3.00E-14
62.1875,3.00E-14
62.21875,3.00E-14
62.25,3.00E-14
62.28125,3.00E-14
62.3125,3.00E-14
62.34375,3.00E-14
62.375,3.00E-14
62.40625,3.00E-14
62.4375,3.00E-14
62.46875,3.00E-14
62.5,3.00E-14
62.53125,3.00E-14
62.5625,3.00E-14
62.59375,3.00E-14
62.625,3.00E-14
62.65625,3.00E-14
62.6875,3.00E-14
62.71875,3.00E-14
62.75,3.00E-14
62.78125,3.00E-14
62.8125,3.00E-14
62.84375,3.00E-14
62.875,3.00E-14
62.90625,3.00E-14
62.9375,3.00E-14
62.96875,3.00E-14
63,3.00E-14
63.03125,3.00E-14
63.0625,3.00E-14
63.09375,3.00E-14
63.125,3.00E-14
63.15625,3.00E-14
63.1875,3.00E-14
63.21875,3.00E-14
63.25,3.00E-14
63.28125,3.00E-14
63.3125,3.00E-14
63.34375,3.00E-14
63.375,3.00E-14
63.40625,3.00E-14
63.4375,3.00E-14
63.46875,3.00E-14
63.5,3.00E-14
63.53125,3.00E-14
63.5625,3.00E-14
63.59375,3.00E-14
63.625,3.00E-14
63.65625,3.00E-14
63.6875,3.00E-14
63.71875,3.00E-14
63.75,3.00E-14
63.78125,3.00E-14
63.8125,3.00E-14
63.84375,3.00E-14
63.875,3.00E-14
63.90625,3.00E-14
63.9375,3.00E-14
63.96875,3.00E-14
64,3.00E-14
64.03125,3.00E-14
64.0625,3.00E-14
64.09375,3.00E-14
64.125,3.00E-14
64.15625,3.00E-14
64.1875,3.00E-14
64.21875,3.00E-14
64.25,3.00E-14
64.28125,3.00E-14
64.3125,3.00E-14
64.34375,3.00E-14
64.375,3.00E-14
64.40625,3.00E-14
64.4375,3.00E-14
64.46875,3.00E-14
64.5,3.00E-14
64.53125,3.00E-14
64.5625,3.00E-14
64.59375,3.00E-14
64.625,3.00E-14
64.65625,3.00E-14
64.6875,3.00E-14
64.71875,3.00E-14
64.75,3.00E-14
64.78125,3.00E-14
64.8125,3.00E-14
64.84375,3.00E-14
64.875,3.00E-14
64.90625,3.00E-14
64.9375,3.00E-14
64.96875,3.00E-14
65,3.00E-14
65.03125,3.00E-14
65.0625,3.00E-14
65.09375,3.00E-14
65.125,3.00E-14
65.15625,3.00E-14
65.1875,3.00E-14
65.21875,3.00E-14
65.25,3.00E-14
65.28125,3.00E-14
65.3125,3.00E-14
65.34375,3.00E-14
65.375,3.00E-14
65.40625,3.00E-14
65.4375,3.00E-14
65.46875,3.00E-14
65.5,3.00E-14
65.53125,3.00E-14
65.5625,3.00E-14
65.59375,3.00E-14
65.625,3.00E-14
65.65625,3.00E-14
65.6875,3.00E-14
65.71875,3.00E-14
65.75,3.00E-14
65.78125,3.00E-14
65.8125,3.00E-14
65.84375,3.00E-14
65.875,3.00E-14
65.90625,3.00E-14
65.9375,3.00E-14
65.96875,3.00E-14
66,3.00E-14
66.03125,3.00E-14
66.0625,3.00E-14
66.09375,3.00E-14
66.125,3.00E-14
66.15625,3.00E-14
66.1875,3.00E-14
66.21875,3.00E-14
66.25,3.00E-14
66.28125,3.00E-14
66.3125,3.00E-14
66.34375,3.00E-14
66.375,3.00E-14
66.40625,3.00E-14
66.4375,3.00E-14
66.46875,3.00E-14
66.5,3.00E-14
66.53125,3.00E-14
66.5625,3.00E-14
66.59375,3.00E-14
66.625,3.00E-14
66.65625,3.00E-14
66.6875,3.00E-14
66.71875,3.00E-14
66.75,3.00E-14
66.78125,3.00E-14
66.8125,3.00E-14
66.84375,3.00E-14
66.875,3.00E-14
66.90625,3.00E-14
66.9375,3.00E-14
66.96875,3.00E-14
67,3.00E-14
67.03125,3.00E-14
67.0625,3.00E-14
67.09375,3.00E-14
67.125,3.00E-14
67.15625,3.00E-14
67.1875,3.00E-14
67.21875,3.00E-14
67.25,3.00E-14
67.28125,3.00E-14
67.3125,3.00E-14
67.34375,3.00E-14
67.375,3.00E-14
67.40625,3.00E-14
67.4375,3.00E-14
67.46875,3.00E-14
67.5,3.00E-14
67.53125,3.00E-14
67.5625,3.00E-14
67.59375,3.00E-14
67.625,3.00E-14
67.65625,3.00E-14
67.6875,3.00E-14
67.71875,3.00E-14
67.75,3.00E-14
67.78125,3.00E-14
67.8125,3.00E-14
67.84375,3.00E-14
67.875,3.00E-14
67.90625,3.00E-14
67.9375,3.00E-14
67.96875,3.00E-14
68,3.00E-14
68.03125,3.00E-14
68.0625,3.00E-14
68.09375,3.00E-14
68.125,3.00E-14
68.15625,3.00E-14
68.1875,3.00E-14
68.21875,3.00E-14
68.25,3.00E-14
68.28125,3.00E-14
68.3125,3.00E-14
68.34375,3.00E-14
68.375,3.00E-14
68.40625,3.00E-14
68.4375,3.00E-14
68.46875,3.00E-14
68.5,3.00E-14
68.53125,3.00E-14
68.5625,3.00E-14
68.59375,3.00E-14
68.625,3.00E-14
68.65625,3.00E-14
68.6875,3.00E-14
68.71875,3.00E-14
68.75,3.00E-14
68.78125,3.00E-14
68.8125,3.00E-14
68.84375,3.00E-14
68.875,3.00E-14
68.90625,3.00E-14
68.9375,3.00E-14
68.96875,3.00E-14
69,3.00E-14
69.03125,3.00E-14
69.0625,3.00E-14
69.09375,3.00E-14
69.125,3.00E-14
69.15625,3.00E-14
69.1875,3.00E-14
69.21875,3.00E-14
69.25,3.00E-14
69.28125,3.00E-14
69.3125,3.00E-14
69.34375,3.00E-14
69.375,3.00E-14
69.40625,3.00E-14
69.4375,3.00E-14
69.46875,3.00E-14
69.5,3.00E-14
69.53125,3.00E-14
69.5625,3.00E-14
69.59375,3.00E-14
69.625,3.00E-14
69.65625,3.00E-14
69.6875,3.00E-14
69.71875,3.00E-14
69.75,3.00E-14
69.78125,3.00E-14
69.8125,3.00E-14
69.84375,3.00E-14
69.875,3.00E-14
69.90625,3.00E-14
69.9375,3.00E-14
69.96875,3.00E-14
70,3.00E-14
70.03125,3.00E-14
70.0625,3.00E-14
70.09375,3.00E-14
70.125,3.00E-14
70.15625,3.00E-14
70.1875,3.00E-14
70.21875,3.00E-14
70.25,3.00E-14
70.28125,3.00E-14
70.3125,3.00E-14
70.34375,3.00E-14
70.375,3.00E-14
70.40625,3.00E-14
70.4375,3.00E-14
70.46875,3.00E-14
70.5,3.00E-14
70.53125,3.00E-14
70.5625,3.00E-14
70.59375,3.00E-14
70.625,3.00E-14
70.65625,3.00E-14
70.6875,3.00E-14
70.71875,3.00E-14
70.75,3.00E-14
70.78125,3.00E-14
70.8125,3.00E-14
70.84375,3.00E-14
70.875,3.00E-14
70.90625,3.00E-14
70.9375,3.00E-14
70.96875,3.00E-14
71,3.00E-14
71.03125,3.00E-14
71.0625,3.00E-14
71.09375,3.00E-14
71.125,3.00E-14
71.15625,3.00E-14
71.1875,3.00E-14
71.21875,3.00E-14
71.25,3.00E-14
71.28125,3.00E-14
71.3125,3.00E-14
71.34375,3.00E-14
71.375,3.00E-14
71.40625,3.00E-14
71.4375,3.00E-14
71.46875,3.00E-14
71.5,3.00E-14
71.53125,3.00E-14
71.5625,3.00E-14
71.59375,3.00E-14
71.625,3.00E-14
71.65625,3.00E-14
71.6875,3.00E-14
71.71875,3.00E-14
71.75,3.00E-14
71.78125,3.00E-14
71.8125,3.00E-14
71.84375,3.00E-14
71.875,3.00E-14
71.90625,3.00E-14
71.9375,3.00E-14
71.96875,3.00E-14
72,3.00E-14
72.03125,3.00E-14
72.0625,3.00E-14
72.09375,3.00E-14
72.125,3.00E-14
72.15625,3.00E-14
72.1875,3.00E-14
72.21875,3.00E-14
72.25,3.00E-14
72.28125,3.00E-14
72.3125,3.00E-14
72.34375,3.00E-14
72.375,3.00E-14
72.40625,3.00E-14
72.4375,3.00E-14
72.46875,3.00E-14
72.5,3.00E-14
72.53125,3.00E-14
72.5625,3.00E-14
72.59375,3.00E-14
72.625,3.00E-14
72.65625,3.00E-14
72.6875,3.00E-14
72.71875,3.00E-14
72.75,3.00E-14
72.78125,3.00E-14
72.8125,3.00E-14
72.84375,3.00E-14
72.875,3.00E-14
72.90625,3.00E-14
72.9375,3.00E-14
72.96875,3.00E-14
73,3.00E-14
73.03125,3.00E-14
73.0625,3.00E-14
73.09375,3.00E-14
73.125,3.00E-14
73.15625,3.00E-14
73.1875,3.00E-14
73.21875,3.00E-14
73.25,3.00E-14
73.28125,3.00E-14
73.3125,3.00E-14
73.34375,3.00E-14
73.375,3.00E-14
73.40625,3.00E-14
73.4375,3.00E-14
73.46875,3.00E-14
73.5,3.00E-14
73.53125,3.00E-14
73.5625,3.00E-14
73.59375,3.00E-14
73.625,3.00E-14
73.65625,3.00E-14
73.6875,3.00E-14
73.71875,3.00E-14
73.75,3.00E-14
73.78125,3.00E-14
73.8125,3.00E-14
73.84375,3.00E-14
73.875,3.00E-14
73.90625,3.00E-14
73.9375,3.00E-14
73.96875,3.00E-14
74,3.00E-14
74.03125,3.00E-14
74.0625,3.00E-14
74.09375,3.00E-14
74.125,3.00E-14
74.15625,3.00E-14
74.1875,3.00E-14
74.21875,3.00E-14
74.25,3.00E-14
74.28125,3.00E-14
74.3125,3.00E-14
74.34375,3.00E-14
74.375,3.00E-14
74.40625,3.00E-14
74.4375,3.00E-14
74.46875,3.00E-14
74.5,3.00E-14
74.53125,3.00E-14
74.5625,3.00E-14
74.59375,3.00E-14
74.625,3.00E-14
74.65625,3.00E-14
74.6875,3.00E-14
74.71875,3.00E-14
74.75,3.00E-14
74.78125,3.00E-14
74.8125,3.00E-14
74.84375,3.00E-14
74.875,3.00E-14
74.90625,3.00E-14
74.9375,3.00E-14
74.96875,3.00E-14
75,3.00E-14
75.03125,3.00E-14
75.0625,3.00E-14
75.09375,3.00E-14
75.125,3.00E-14
75.15625,3.00E-14
75.1875,3.00E-14
75.21875,3.00E-14
75.25,3.00E-14
75.28125,3.00E-14
75.3125,3.00E-14
75.34375,3.00E-14
75.375,3.00E-14
75.40625,3.00E-14
75.4375,3.00E-14
75.46875,3.00E-14
75.5,3.00E-14
75.53125,3.00E-14
75.5625,3.00E-14
75.59375,3.00E-14
75.625,3.00E-14
75.65625,3.00E-14
75.6875,3.00E-14
75.71875,3.00E-14
75.75,3.00E-14
75.78125,3.00E-14
75.8125,3.00E-14
75.84375,3.00E-14
75.875,3.00E-14
75.90625,3.00E-14
75.9375,3.00E-14
75.96875,3.00E-14
76,3.00E-14
76.03125,3.00E-14
76.0625,3.00E-14
76.09375,3.00E-14
76.125,3.00E-14
76.15625,3.00E-14
76.1875,3.00E-14
76.21875,3.00E-14
76.25,3.00E-14
76.28125,3.00E-14
76.3125,3.00E-14
76.34375,3.00E-14
76.375,3.00E-14
76.40625,3.00E-14
76.4375,3.00E-14
76.46875,3.00E-14
76.5,3.00E-14
76.53125,3.00E-14
76.5625,3.00E-14
76.59375,3.00E-14
76.625,3.00E-14
76.65625,3.00E-14
76.6875,3.00E-14
76.71875,3.00E-14
76.75,3.00E-14
76.78125,3.00E-14
76.8125,3.00E-14
76.84375,3.00E-14
76.875,3.00E-14
76.90625,3.00E-14
76.9375,3.00E-14
76.96875,3.00E-14
77,3.00E-14
77.03125,3.00E-14
77.0625,3.00E-14
77.09375,3.00E-14
77.125,3.00E-14
77.15625,3.00E-14
77.1875,3.00E-14
77.21875,3.00E-14
77.25,3.00E-14
77.28125,3.00E-14
77.3125,3.00E-14
77.34375,3.00E-14
77.375,3.00E-14
77.40625,3.00E-14
77.4375,3.00E-14
77.46875,3.00E-14
77.5,3.00E-14
77.53125,3.00E-14
77.5625,3.00E-14
77.59375,3.00E-14
77.625,3.00E-14
77.65625,3.00E-14
77.6875,3.00E-14
77.71875,3.00E-14
77.75,3.00E-14
77.78125,3.00E-14
77.8125,3.00E-14
77.84375,3.00E-14
77.875,3.00E-14
77.90625,3.00E-14
77.9375,3.00E-14
77.96875,3.00E-14
78,3.00E-14
78.03125,3.00E-14
78.0625,3.00E-14
78.09375,3.00E-14
78.125,3.00E-14
78.15625,3.00E-14
78.1875,3.00E-14
78.21875,3.00E-14
78.25,3.00E-14
78.28125,3.00E-14
78.3125,3.00E-14
78.34375,3.00E-14
78.375,3.00E-14
78.40625,3.00E-14
78.4375,3.00E-14
78.46875,3.00E-14
78.5,3.00E-14
78.53125,3.00E-14
78.5625,3.00E-14
78.59375,3.00E-14
78.625,3.00E-14
78.65625,3.00E-14
78.6875,3.00E-14
78.71875,3.00E-14
78.75,3.00E-14
78.78125,3.00E-14
78.8125,3.00E-14
78.84375,3.00E-14
78.875,3.00E-14
78.90625,3.00E-14
78.9375,3.00E-14
78.96875,3.00E-14
79,3.00E-14
79.03125,3.00E-14
79.0625,3.00E-14
79.09375,3.00E-14
79.125,3.00E-14
79.15625,3.00E-14
79.1875,3.00E-14
79.21875,3.00E-14
79.25,3.00E-14
79.28125,3.00E-14
79.3125,3.00E-14
79.34375,3.00E-14
79.375,3.00E-14
79.40625,3.00E-14
79.4375,3.00E-14
79.46875,3.00E-14
79.5,3.00E-14
79.53125,3.00E-14
79.5625,3.00E-14
79.59375,3.00E-14
79.625,3.00E-14
79.65625,3.00E-14
79.6875,3.00E-14
79.71875,3.00E-14
79.75,3.00E-14
79.78125,3.00E-14
79.8125,3.00E-14
79.84375,3.00E-14
79.875,3.00E-14
79.90625,3.00E-14
79.9375,3.00E-14
79.96875,3.00E-14
80,3.00E-14
80.03125,3.00E-14
80.0625,3.00E-14
80.09375,3.00E-14
80.125,3.00E-14
80.15625,3.00E-14
80.1875,3.00E-14
80.21875,3.00E-14
80.25,3.00E-14
80.28125,3.00E-14
80.3125,3.00E-14
80.34375,3.00E-14
80.375,3.00E-14
80.40625,3.00E-14
80.4375,3.00E-14
80.46875,3.00E-14
80.5,3.00E-14
80.53125,3.00E-14
80.5625,3.00E-14
80.59375,3.00E-14
80.625,3.00E-14
80.65625,3.00E-14
80.6875,3.00E-14
80.71875,3.00E-14
80.75,3.00E-14
80.78125,3.00E-14
80.8125,3.00E-14
80.84375,3.00E-14
80.875,3.00E-14
80.90625,3.00E-14
80.9375,3.00E-14
80.96875,3.00E-14
81,3.00E-14
81.03125,3.00E-14
81.0625,3.00E-14
81.09375,3.00E-14
81.125,3.00E-14
81.15625,3.00E-14
81.1875,3.00E-14
81.21875,3.00E-14
81.25,3.00E-14
81.28125,3.00E-14
81.3125,3.00E-14
81.34375,3.00E-14
81.375,3.00E-14
81.40625,3.00E-14
81.4375,3.00E-14
81.46875,3.00E-14
81.5,3.00E-14
81.53125,3.00E-14
81.5625,3.00E-14
81.59375,3.00E-14
81.625,3.00E-14
81.65625,3.00E-14
81.6875,3.00E-14
81.71875,3.00E-14
81.75,3.00E-14
81.78125,3.00E-14
81.8125,3.00E-14
81.84375,3.00E-14
81.875,3.00E-14
81.90625,3.00E-14
81.9375,3.00E-14
81.96875,3.00E-14
82,3.00E-14
82.03125,3.00E-14
82.0625,3.00E-14
82.09375,3.00E-14
82.125,3.00E-14
82.15625,3.00E-14
82.1875,3.00E-14
82.21875,3.00E-14
82.25,3.00E-14
82.28125,3.00E-14
82.3125,3.00E-14
82.34375,3.00E-14
82.375,3.00E-14
82.40625,3.00E-14
82.4375,3.00E-14
82.46875,3.00E-14
82.5,3.00E-14
82.53125,3.00E-14
82.5625,3.00E-14
82.59375,3.00E-14
82.625,3.00E-14
82.65625,3.00E-14
82.6875,3.00E-14
82.71875,3.00E-14
82.75,3.00E-14
82.78125,3.00E-14
82.8125,3.00E-14
82.84375,3.00E-14
82.875,3.00E-14
82.90625,3.00E-14
82.9375,3.00E-14
82.96875,3.00E-14
83,3.00E-14
83.03125,3.00E-14
83.0625,3.00E-14
83.09375,3.00E-14
83.125,3.00E-14
83.15625,3.00E-14
83.1875,3.00E-14
83.21875,3.00E-14
83.25,3.00E-14
83.28125,3.00E-14
83.3125,3.00E-14
83.34375,3.00E-14
83.375,3.00E-14
83.40625,3.00E-14
83.4375,3.00E-14
83.46875,3.00E-14
83.5,3.00E-14
83.53125,3.00E-14
83.5625,3.00E-14
83.59375,3.00E-14
83.625,3.00E-14
83.65625,3.00E-14
83.6875,3.00E-14
83.71875,3.00E-14
83.75,3.00E-14
83.78125,3.00E-14
83.8125,3.00E-14
83.84375,3.00E-14
83.875,3.00E-14
83.90625,3.00E-14
83.9375,3.00E-14
83.96875,3.00E-14
84,3.00E-14
84.03125,3.00E-14
84.0625,3.00E-14
84.09375,3.00E-14
84.125,3.00E-14
84.15625,3.00E-14
84.1875,3.00E-14
84.21875,3.00E-14
84.25,3.00E-14
84.28125,3.00E-14
84.3125,3.00E-14
84.34375,3.00E-14
84.375,3.00E-14
84.40625,3.00E-14
84.4375,3.00E-14
84.46875,3.00E-14
84.5,3.00E-14
84.53125,3.00E-14
84.5625,3.00E-14
84.59375,3.00E-14
84.625,3.00E-14
84.65625,3.00E-14
84.6875,3.00E-14
84.71875,3.00E-14
84.75,3.00E-14
84.78125,3.00E-14
84.8125,3.00E-14
84.84375,3.00E-14
84.875,3.00E-14
84.90625,3.00E-14
84.9375,3.00E-14
84.96875,3.00E-14
85,3.00E-14
85.03125,3.00E-14
85.0625,3.00E-14
85.09375,3.00E-14
85.125,3.00E-14
85.15625,3.00E-14
85.1875,3.00E-14
85.21875,3.00E-14
85.25,3.00E-14
85.28125,3.00E-14
85.3125,3.00E-14
85.34375,3.00E-14
85.375,3.00E-14
85.40625,3.00E-14
85.4375,3.00E-14
85.46875,3.00E-14
85.5,3.00E-14
85.53125,3.00E-14
85.5625,3.00E-14
85.59375,3.00E-14
85.625,3.00E-14
85.65625,3.00E-14
85.6875,3.00E-14
85.71875,3.00E-14
85.75,3.00E-14
85.78125,3.00E-14
85.8125,3.00E-14
85.84375,3.00E-14
85.875,3.00E-14
85.90625,3.00E-14
85.9375,3.00E-14
85.96875,3.00E-14
86,3.00E-14
86.03125,3.00E-14
86.0625,3.00E-14
86.09375,3.00E-14
86.125,3.00E-14
86.15625,3.00E-14
86.1875,3.00E-14
86.21875,3.00E-14
86.25,3.00E-14
86.28125,3.00E-14
86.3125,3.00E-14
86.34375,3.00E-14
86.375,3.00E-14
86.40625,3.00E-14
86.4375,3.00E-14
86.46875,3.00E-14
86.5,3.00E-14
86.53125,3.00E-14
86.5625,3.00E-14
86.59375,3.00E-14
86.625,3.00E-14
86.65625,3.00E-14
86.6875,3.00E-14
86.71875,3.00E-14
86.75,3.00E-14
86.78125,3.00E-14
86.8125,3.00E-14
86.84375,3.00E-14
86.875,3.00E-14
86.90625,3.00E-14
86.9375,3.00E-14
86.96875,3.00E-14
87,3.00E-14
87.03125,3.00E-14
87.0625,3.00E-14
87.09375,3.00E-14
87.125,3.00E-14
87.15625,3.00E-14
87.1875,3.00E-14
87.21875,3.00E-14
87.25,3.00E-14
87.28125,3.00E-14
87.3125,3.00E-14
87.34375,3.00E-14
87.375,3.00E-14
87.40625,3.00E-14
87.4375,3.00E-14
87.46875,3.00E-14
87.5,3.00E-14
87.53125,3.00E-14
87.5625,3.00E-14
87.59375,3.00E-14
87.625,3.00E-14
87.65625,3.00E-14
87.6875,3.00E-14
87.71875,3.00E-14
87.75,3.00E-14
87.78125,3.00E-14
87.8125,3.00E-14
87.84375,3.00E-14
87.875,3.00E-14
87.90625,3.00E-14
87.9375,3.00E-14
87.96875,3.00E-14
88,3.00E-14
88.03125,3.00E-14
88.0625,3.00E-14
88.09375,3.00E-14
88.125,3.00E-14
88.15625,3.00E-14
88.1875,3.00E-14
88.21875,3.00E-14
88.25,3.00E-14
88.28125,3.00E-14
88.3125,3.00E-14
88.34375,3.00E-14
88.375,3.00E-14
88.40625,3.00E-14
88.4375,3.00E-14
88.46875,3.00E-14
88.5,3.00E-14
88.53125,3.00E-14
88.5625,3.00E-14
88.59375,3.00E-14
88.625,3.00E-14
88.65625,3.00E-14
88.6875,3.00E-14
88.71875,3.00E-14
88.75,3.00E-14
88.78125,3.00E-14
88.8125,3.00E-14
88.84375,3.00E-14
88.875,3.00E-14
88.90625,3.00E-14
88.9375,3.00E-14
88.96875,3.00E-14
89,3.00E-14
89.03125,3.00E-14
89.0625,3.00E-14
89.09375,3.00E-14
89.125,3.00E-14
89.15625,3.00E-14
89.1875,3.00E-14
89.21875,3.00E-14
89.25,3.00E-14
89.28125,3.00E-14
89.3125,3.00E-14
89.34375,3.00E-14
89.375,3.00E-14
89.40625,3.00E-14
89.4375,3.00E-14
89.46875,3.00E-14
89.5,3.00E-14
89.53125,3.00E-14
89.5625,3.00E-14
89.59375,3.00E-14
89.625,3.00E-14
89.65625,3.00E-14
89.6875,3.00E-14
89.71875,3.00E-14
89.75,3.00E-14
89.78125,3.00E-14
89.8125,3.00E-14
89.84375,3.00E-14
89.875,3.00E-14
89.90625,3.00E-14
89.9375,3.00E-14
89.96875,3.00E-14
90,3.00E-14
90.03125,3.00E-14
90.0625,3.00E-14
90.09375,3.00E-14
90.125,3.00E-14
90.15625,3.00E-14
90.1875,3.00E-14
90.21875,3.00E-14
90.25,3.00E-14
90.28125,3.00E-14
90.3125,3.00E-14
90.34375,3.00E-14
90.375,3.00E-14
90.40625,3.00E-14
90.4375,3.00E-14
90.46875,3.00E-14
90.5,3.00E-14
90.53125,3.00E-14
90.5625,3.00E-14
90.59375,3.00E-14
90.625,3.00E-14
90.65625,3.00E-14
90.6875,3.00E-14
90.71875,3.00E-14
90.75,3.00E-14
90.78125,3.00E-14
90.8125,3.00E-14
90.84375,3.00E-14
90.875,3.00E-14
90.90625,3.00E-14
90.9375,3.00E-14
90.96875,3.00E-14
91,3.00E-14
91.03125,3.00E-14
91.0625,3.00E-14
91.09375,3.00E-14
91.125,3.00E-14
91.15625,3.00E-14
91.1875,3.00E-14
91.21875,3.00E-14
91.25,3.00E-14
91.28125,3.00E-14
91.3125,3.00E-14
91.34375,3.00E-14
91.375,3.00E-14
91.40625,3.00E-14
91.4375,3.00E-14
91.46875,3.00E-14
91.5,3.00E-14
91.53125,3.00E-14
91.5625,3.00E-14
91.59375,3.00E-14
91.625,3.00E-14
91.65625,3.00E-14
91.6875,3.00E-14
91.71875,3.00E-14
91.75,3.00E-14
91.78125,3.00E-14
91.8125,3.00E-14
91.84375,3.00E-14
91.875,3.00E-14
91.90625,3.00E-14
91.9375,3.00E-14
91.96875,3.00E-14
92,3.00E-14
92.03125,3.00E-14
92.0625,3.00E-14
92.09375,3.00E-14
92.125,3.00E-14
92.15625,3.00E-14
92.1875,3.00E-14
92.21875,3.00E-14
92.25,3.00E-14
92.28125,3.00E-14
92.3125,3.00E-14
92.34375,3.00E-14
92.375,3.00E-14
92.40625,3.00E-14
92.4375,3.00E-14
92.46875,3.00E-14
92.5,3.00E-14
92.53125,3.00E-14
92.5625,3.00E-14
92.59375,3.00E-14
92.625,3.00E-14
92.65625,3.00E-14
92.6875,3.00E-14
92.71875,3.00E-14
92.75,3.00E-14
92.78125,3.00E-14
92.8125,3.00E-14
92.84375,3.00E-14
92.875,3.00E-14
92.90625,3.00E-14
92.9375,3.00E-14
92.96875,3.00E-14
93,3.00E-14
93.03125,3.00E-14
93.0625,3.00E-14
93.09375,3.00E-14
93.125,3.00E-14
93.15625,3.00E-14
93.1875,3.00E-14
93.21875,3.00E-14
93.25,3.00E-14
93.28125,3.00E-14
93.3125,3.00E-14
93.34375,3.00E-14
93.375,3.00E-14
93.40625,3.00E-14
93.4375,3.00E-14
93.46875,3.00E-14
93.5,3.00E-14
93.53125,3.00E-14
93.5625,3.00E-14
93.59375,3.00E-14
93.625,3.00E-14
93.65625,3.00E-14
93.6875,3.00E-14
93.71875,3.00E-14
93.75,3.00E-14
93.78125,3.00E-14
93.8125,3.00E-14
93.84375,3.00E-14
93.875,3.00E-14
93.90625,3.00E-14
93.9375,3.00E-14
93.96875,3.00E-14
94,3.00E-14
94.03125,3.00E-14
94.0625,3.00E-14
94.09375,3.00E-14
94.125,3.00E-14
94.15625,3.00E-14
94.1875,3.00E-14
94.21875,3.00E-14
94.25,3.00E-14
94.28125,3.00E-14
94.3125,3.00E-14
94.34375,3.00E-14
94.375,3.00E-14
94.40625,3.00E-14
94.4375,3.00E-14
94.46875,3.00E-14
94.5,3.00E-14
94.53125,3.00E-14
94.5625,3.00E-14
94.59375,3.00E-14
94.625,3.00E-14
94.65625,3.00E-14
94.6875,3.00E-14
94.71875,3.00E-14
94.75,3.00E-14
94.78125,3.00E-14
94.8125,3.00E-14
94.84375,3.00E-14
94.875,3.00E-14
94.90625,3.00E-14
94.9375,3.00E-14
94.96875,3.00E-14
95,3.00E-14
95.03125,3.00E-14
95.0625,3.00E-14
95.09375,3.00E-14
95.125,3.00E-14
95.15625,3.00E-14
95.1875,3.00E-14
95.21875,3.00E-14
95.25,3.00E-14
95.28125,3.00E-14
95.3125,3.00E-14
95.34375,3.00E-14
95.375,3.00E-14
95.40625,3.00E-14
95.4375,3.00E-14
95.46875,3.00E-14
95.5,3.00E-14
95.53125,3.00E-14
95.5625,3.00E-14
95.59375,3.00E-14
95.625,3.00E-14
95.65625,3.00E-14
95.6875,3.00E-14
95.71875,3.00E-14
95.75,3.00E-14
95.78125,3.00E-14
95.8125,3.00E-14
95.84375,3.00E-14
95.875,3.00E-14
95.90625,3.00E-14
95.9375,3.00E-14
95.96875,3.00E-14
96,3.00E-14
96.03125,3.00E-14
96.0625,3.00E-14
96.09375,3.00E-14
96.125,3.00E-14
96.15625,3.00E-14
96.1875,3.00E-14
96.21875,3.00E-14
96.25,3.00E-14
96.28125,3.00E-14
96.3125,3.00E-14
96.34375,3.00E-14
96.375,3.00E-14
96.40625,3.00E-14
96.4375,3.00E-14
96.46875,3.00E-14
96.5,3.00E-14
96.53125,3.00E-14
96.5625,3.00E-14
96.59375,3.00E-14
96.625,3.00E-14
96.65625,3.00E-14
96.6875,3.00E-14
96.71875,3.00E-14
96.75,3.00E-14
96.78125,3.00E-14
96.8125,3.00E-14
96.84375,3.00E-14
96.875,3.00E-14
96.90625,3.00E-14
96.9375,3.00E-14
96.96875,3.00E-14
97,3.00E-14
97.03125,3.00E-14
97.0625,3.00E-14
97.09375,3.00E-14
97.125,3.00E-14
97.15625,3.00E-14
97.1875,3.00E-14
97.21875,3.00E-14
97.25,3.00E-14
97.28125,3.00E-14
97.3125,3.00E-14
97.34375,3.00E-14
97.375,3.00E-14
97.40625,3.00E-14
97.4375,3.00E-14
97.46875,3.00E-14
97.5,3.00E-14
97.53125,3.00E-14
97.5625,3.00E-14
97.59375,3.00E-14
97.625,3.00E-14
97.65625,3.00E-14
97.6875,3.00E-14
97.71875,3.00E-14
97.75,3.00E-14
97.78125,3.00E-14
97.8125,3.00E-14
97.84375,3.00E-14
97.875,3.00E-14
97.90625,3.00E-14
97.9375,3.00E-14
97.96875,3.00E-14
98,3.00E-14
98.03125,3.00E-14
98.0625,3.00E-14
98.09375,3.00E-14
98.125,3.00E-14
98.15625,3.00E-14
98.1875,3.00E-14
98.21875,3.00E-14
98.25,3.00E-14
98.28125,3.00E-14
98.3125,3.00E-14
98.34375,3.00E-14
98.375,3.00E-14
98.40625,3.00E-14
98.4375,3.00E-14
98.46875,3.00E-14
98.5,3.00E-14
98.53125,3.00E-14
98.5625,3.00E-14
98.59375,3.00E-14
98.625,3.00E-14
98.65625,3.00E-14
98.6875,3.00E-14
98.71875,3.00E-14
98.75,3.00E-14
98.78125,3.00E-14
98.8125,3.00E-14
98.84375,3.00E-14
98.875,3.00E-14
98.90625,3.00E-14
98.9375,3.00E-14
98.96875,3.00E-14
99,3.00E-14
99.03125,3.00E-14
99.0625,3.00E-14
99.09375,3.00E-14
99.125,3.00E-14
99.15625,3.00E-14
99.1875,3.00E-14
99.21875,3.00E-14
99.25,3.00E-14
99.28125,3.00E-14
99.3125,3.00E-14
99.34375,3.00E-14
99.375,3.00E-14
99.40625,3.00E-14
99.4375,3.00E-14
99.46875,3.00E-14
99.5,3.00E-14
99.53125,3.00E-14
99.5625,3.00E-14
99.59375,3.00E-14
99.625,3.00E-14
99.65625,3.00E-14
99.6875,3.00E-14
99.71875,3.00E-14
99.75,3.00E-14
99.78125,3.00E-14
99.8125,3.00E-14
99.84375,3.00E-14
99.875,3.00E-14
99.90625,3.00E-14
99.9375,3.00E-14
99.96875,3.00E-14
100,3.00E-14

